{"1": [1, 88, 35427.81711798751], "2": [1, 89, 25531.20226214377], "3": [1, 100, 26552.80480936145], "4": [1, 101, 10097.662168364086], "5": [2, 88, 36869.547126448524], "6": [2, 89, 23584.67942526736], "7": [2, 100, 29901.401788372368], "8": [2, 101, 9548.859201672376], "9": [2, 102, 36972.70304100647], "10": [3, 89, 20586.882863235664], "11": [3, 90, 36593.84782521274], "12": [3, 100, 36083.34078344786], "13": [3, 101, 11776.950735516895], "14": [3, 102, 32466.802109810513], "15": [4, 77, 37080.62137293089], "16": [4, 88, 29890.05778386947], "17": [4, 89, 5584.544815052694], "18": [4, 90, 35325.203081338965], "19": [4, 101, 27391.987790187784], "20": [5, 89, 16724.408682276244], "21": [5, 90, 24361.83309529842], "22": [5, 101, 22725.043572190123], "23": [5, 102, 28816.226137207133], "24": [6, 89, 25191.465249136356], "25": [6, 90, 36063.02166643237], "26": [6, 101, 9553.734048154698], "27": [6, 102, 27519.50048981511], "28": [7, 100, 38207.84511380627], "29": [7, 101, 25232.426276589842], "30": [7, 112, 29741.884929877237], "31": [7, 113, 7856.1492841482295], "32": [7, 114, 36293.39465983496], "33": [8, 112, 28989.889228983975], "34": [8, 113, 18322.18182308248], "35": [8, 124, 28666.779103679037], "36": [8, 125, 17816.792824722386], "37": [9, 124, 24470.62649350466], "38": [9, 125, 27497.197175174326], "39": [9, 136, 18065.321450607276], "40": [9, 137, 21999.803512739327], "41": [10, 136, 37836.859364547716], "42": [10, 147, 34921.54250788415], "43": [10, 148, 6095.668955441514], "44": [10, 149, 30513.758723732655], "45": [10, 160, 26519.125774198546], "46": [11, 122, 31962.122372923317], "47": [11, 123, 16939.81319375401], "48": [11, 134, 31735.85857424833], "49": [11, 135, 16523.464671441787], "50": [12, 121, 34286.95285590167], "51": [12, 122, 38209.18554835691], "52": [12, 133, 11694.387605858066], "53": [12, 134, 20528.67571576157], "54": [12, 145, 34042.451241530835], "55": [12, 146, 37999.69237922608], "56": [13, 66, 34427.67094346764], "57": [13, 67, 27393.57188304272], "58": [13, 78, 23738.546498633114], "59": [13, 79, 11344.075837790737], "60": [14, 55, 24727.058544849544], "61": [14, 56, 22274.79969408825], "62": [14, 67, 23407.767884730874], "63": [14, 68, 20799.5579697953], "64": [15, 41, 30528.469967415393], "65": [15, 42, 35995.02815873011], "66": [15, 53, 11034.86329416845], "67": [15, 54, 22029.8496874782], "68": [15, 65, 37075.343578582935], "69": [16, 81, 21413.532620399677], "70": [16, 82, 14011.270371233644], "71": [16, 93, 32121.9018146531], "72": [16, 94, 27743.66301499121], "73": [17, 86, 18724.070412660745], "74": [17, 87, 27186.60673948974], "75": [17, 98, 19205.702098833524], "76": [17, 99, 27523.191973031313], "77": [18, 95, 22185.044239907485], "78": [18, 96, 12341.724843422471], "79": [18, 107, 33828.73688372439], "80": [18, 108, 28369.098438713227], "81": [19, 95, 21264.424990018553], "82": [19, 107, 37057.85286429883], "83": [20, 38, 20917.087916064473], "84": [20, 39, 16352.499171229885], "85": [20, 50, 29569.980773788782], "86": [20, 51, 26535.922696873], "87": [21, 146, 32511.366044394126], "88": [21, 147, 24050.050089273314], "89": [21, 158, 25433.719816760906], "90": [21, 159, 12995.833992292966], "91": [22, 99, 34145.75356216707], "92": [22, 100, 8695.292130456734], "93": [22, 101, 32614.2355289325], "94": [22, 112, 23466.806078846064], "95": [23, 35, 32111.93245741309], "96": [23, 24, 32229.391578021758], "97": [24, 36, 32112.47507531605], "98": [24, 25, 32231.025612794398], "99": [25, 37, 32113.017168443195], "100": [25, 26, 32232.658037991427], "101": [26, 38, 32113.558681196897], "102": [26, 27, 32234.288685993022], "103": [27, 39, 32114.09955802744], "104": [27, 28, 32235.917389321545], "105": [28, 40, 32114.6397434379], "106": [28, 29, 32237.543980611135], "107": [29, 41, 32115.1791819836], "108": [29, 30, 32239.168292683065], "109": [30, 42, 32115.717818292647], "110": [30, 31, 32240.790158519805], "111": [31, 43, 32116.255597046795], "112": [31, 32, 32242.40941129377], "113": [32, 44, 32116.79246301448], "114": [32, 33, 32244.025884395913], "115": [33, 45, 32117.328361038846], "116": [33, 34, 32245.63941144095], "117": [34, 46, 32117.863236050922], "118": [35, 47, 32113.602234161684], "119": [35, 36, 32231.48755438622], "120": [36, 48, 32114.145164807545], "121": [36, 37, 32233.121908621222], "122": [37, 49, 32114.6875704093], "123": [37, 38, 32234.754653006014], "124": [38, 50, 32115.229395335264], "125": [38, 39, 32236.385619889577], "126": [39, 51, 32115.770584006143], "127": [39, 40, 32238.014641761507], "128": [40, 52, 32116.311080890293], "129": [40, 41, 32239.641551221233], "130": [41, 53, 32116.850830516167], "131": [41, 42, 32241.26618105811], "132": [42, 54, 32117.389777469132], "133": [42, 43, 32242.88836422421], "134": [43, 55, 32117.927866410762], "135": [43, 44, 32244.507933856305], "136": [44, 56, 32118.46504207043], "137": [44, 45, 32246.124723309003], "138": [45, 57, 32119.001249262114], "139": [45, 46, 32247.73856617456], "140": [46, 58, 32119.536432881476], "141": [47, 59, 32114.460677402145], "142": [47, 48, 32232.764236338964], "143": [48, 60, 32115.00376884642], "144": [48, 49, 32234.398785159683], "145": [49, 61, 32115.54633510176], "146": [49, 50, 32236.03172396622], "147": [50, 62, 32116.088320529423], "148": [50, 51, 32237.662885086487], "149": [51, 63, 32116.62966953125], "150": [51, 52, 32239.29210098511], "151": [52, 64, 32117.170326559055], "152": [52, 53, 32240.919204248014], "153": [53, 65, 32117.710236122675], "154": [53, 54, 32242.54402764133], "155": [54, 66, 32118.249342794137], "156": [54, 55, 32244.16640409679], "157": [55, 67, 32118.787591216602], "158": [55, 56, 32245.786166731395], "159": [56, 68, 32119.324926104277], "160": [56, 57, 32247.403148883328], "161": [57, 69, 32119.861292253034], "162": [57, 58, 32249.017184118966], "163": [58, 70, 32120.396634543733], "164": [59, 71, 32114.507679831673], "165": [59, 60, 32233.2214618926], "166": [60, 72, 32115.05078007663], "167": [60, 61, 32234.85608040501], "168": [61, 73, 32115.593355130262], "169": [61, 62, 32236.48908884166], "170": [62, 74, 32116.13534934804], "171": [62, 63, 32238.120319525173], "172": [63, 75, 32116.676707126117], "173": [63, 64, 32239.749604913515], "174": [64, 76, 32117.217372922587], "175": [64, 65, 32241.37677758663], "176": [65, 77, 32117.75729124331], "177": [65, 66, 32243.001670300855], "178": [66, 78, 32118.296406661004], "179": [66, 67, 32244.624115980434], "180": [67, 79, 32118.83466381433], "181": [67, 68, 32246.24394773942], "182": [68, 80, 32119.372007421665], "183": [68, 69, 32247.86099890433], "184": [69, 81, 32119.908382272984], "185": [69, 70, 32249.47510303534], "186": [70, 82, 32120.44373325013], "187": [71, 83, 32113.743235565373], "188": [71, 72, 32232.859173173394], "189": [72, 84, 32114.28619262291], "190": [72, 73, 32234.493736466542], "191": [73, 85, 32114.82862461148], "192": [73, 74, 32236.126689729474], "193": [74, 86, 32115.370475898562], "194": [74, 75, 32237.75786529255], "195": [75, 87, 32115.91169090559], "196": [75, 76, 32239.38709562144], "197": [76, 88, 32116.452214092085], "198": [76, 77, 32241.01421329533], "199": [77, 89, 32116.99198998637], "200": [77, 78, 32242.63905108267], "201": [78, 90, 32117.53096317383], "202": [78, 79, 32244.261441911876], "203": [79, 91, 32118.06907831031], "204": [79, 80, 32245.881218898536], "205": [80, 92, 32118.60628012286], "206": [80, 81, 32247.498215380565], "207": [81, 93, 32119.14251342229], "208": [81, 82, 32249.112264920932], "209": [82, 94, 32119.677723105535], "210": [83, 95, 32112.16744016905], "211": [83, 84, 32231.6774160352], "212": [84, 96, 32112.71010208306], "213": [84, 85, 32233.31179920638], "214": [85, 97, 32113.252239181747], "215": [85, 86, 32234.94457250467], "216": [86, 98, 32113.79379586542], "217": [86, 87, 32236.575568273576], "218": [87, 99, 32114.334716576177], "219": [87, 88, 32238.20461899879], "220": [88, 100, 32114.874945819523], "221": [88, 89, 32239.83155728205],