{"0": [-73.9667774, 40.7810452], "1": [-73.9828886, 40.7533136], "2": [-74.0168892, 40.7033343], "3": [-74.2018534, 40.7467838], "4": [-74.1143852, 40.6202232], "5": [-73.9697427, 40.6681474], "6": [-73.5814248, 40.7462738], "7": [-73.3020486, 40.7869093], "8": [-72.8708789, 40.8721326], "9": [-72.2772525, 40.9624845], "10": [-72.9042821, 41.3280886], "11": [-72.6979465, 41.7562758], "12": [-74.7187376, 40.228886], "13": [-75.1987194, 39.9836308], "14": [-75.4434517, 40.629696], "15": [-74.5649087, 39.3824801], "16": [-74.0616628, 41.5000636], "17": [-73.7801325, 42.2654862], "18": [-73.8238108, 42.6489291], "19": [-75.6816594, 41.4239279], "20": [-72.060485, 41.3453305], "21": [-73.7708233, 41.0010972], "22": [-76.19707087601364, 42.45807959104421], "23": [-76.19159060736396, 42.1682620408614], "24": [-76.1861903870838, 41.87842922563893], "25": [-76.1808688605952, 41.58858117069927], "26": [-76.17562470627439, 41.2987179026219], "27": [-76.17045663448901, 41.008839449249464], "28": [-76.16536338666928, 40.71894583969396], "29": [-76.16034373441182, 40.429037104341994], "30": [-76.15539647861458, 40.13911327486003], "31": [-76.15052044864196, 39.84917438419914], "32": [-76.14571450151863, 39.55922046659929], "33": [-76.14097752115094, 39.26925155759337], "34": [-75.80565230746669, 42.46149943649524], "35": [-75.8019633953632, 42.17164753951877], "36": [-75.79832837376432, 41.8817806862917], "37": [-75.79474633049179, 41.59189889620683], "38": [-75.79121637556524, 41.30200219005118], "39": [-75.78773764055344, 41.01209059000811], "40": [-75.78430927794841, 40.72216411965957], "41": [-75.78093046056142, 40.43222280398753], "42": [-75.7776003809404, 40.1422666693756], "43": [-75.77431825080706, 39.85229574361024], "44": [-75.77108330051387, 39.562310055881674], "45": [-75.76789477851943, 39.27230963678448], "46": [-75.41417891729915, 42.46358259223594], "47": [-75.41228229667416, 42.17370977154596], "48": [-75.41041338582248, 41.88382218277075], "49": [-75.40857171563809, 41.5939198416888], "50": [-75.40675682843258, 41.30400276555651], "51": [-75.40496827760155, 41.014070973107856], "52": [-75.40320562730254, 40.72412448455412], "53": [-75.40146845214429, 40.43416332158315], "54": [-75.39975633688704, 40.14418750735866], "55": [-75.39806887615296, 39.854197066519326], "56": [-75.39640567414675, 39.56419202517754], "57": [-75.39476634438576, 39.274172410918126], "58": [-75.0226773385089, 42.46432866171845], "59": [-75.0225734901724, 42.17444834699776], "60": [-75.02247115911636, 41.88455333159504], "61": [-75.02237031965282, 41.59464362999396], "62": [-75.0222709467191, 41.30471925818604], "63": [-75.02217301585954, 41.01478023366945], "64": [-75.02207650320778, 40.724826575447935], "65": [-75.02198138546984, 40.434858304029206], "66": [-75.02188763990762, 40.144875441423444], "67": [-75.02179524432313, 39.8548780111416], "68": [-75.02170417704305, 39.56486603819347], "69": [-75.02161441690416, 39.27483954908562], "70": [-74.63117421621665, 42.46373750296206], "71": [-74.63286316649756, 42.17386312625745], "72": [-74.63452744092191, 41.88397399546235], "73": [-74.63616745723886, 41.59407012608644], "74": [-74.63778362302969, 41.30415153512351], "75": [-74.63937633600509, 41.01421824105092], "76": [-74.64094598429186, 40.72427026382927], "77": [-74.64249294670965, 40.43430762490137], "78": [-74.64401759303794, 40.14433034719145], "79": [-74.64552028427381, 39.85433845510403], "80": [-74.64700137288081, 39.56433197452259], "81": [-74.64846120302929, 39.27431093280806], "82": [-74.23969619620696, 42.46180922846546], "83": [-74.24317751693334, 42.17195421995059], "84": [-74.24660797914031, 41.88208428316435], "85": [-74.24998844370599, 41.59219943696217], "86": [-74.25331975055846, 41.30229970160611], "87": [-74.25660271928811, 41.01238509876668], "88": [-74.2598381497383, 40.722455651524626], "89": [-74.2630268225753, 40.432511384372184], "90": [-74.26616949983848, 40.142552323214204], "91": [-74.26926692547123, 39.852578495369116], "92": [-74.27231982583365, 39.562589929569484], "93": [-74.27532891019762, 39.27258665596242], "94": [-73.84826991346893, 42.45854420527623], "95": [-73.85354272228766, 42.16872198901334], "96": [-73.85873851150504, 41.8788845496539], "97": [-73.86385858449354, 41.58903191171506], "98": [-73.8689042129159, 41.29916410098961], "99": [-73.87387663765155, 41.009281144551586], "100": [-73.87877706969061, 40.719383070761936], "101": [-73.8836066909961, 40.429469909273244], "102": [-73.88836665533636, 40.13954169103447], "103": [-73.89305808908851, 39.849598448295254], "104": [-73.89768209201424, 39.55964021460974], "105": [-73.90223973800893, 39.2696670248401], "106": [-73.45692198073712, 42.453943055217756], "107": [-73.46398494177267, 42.16416704491559], "108": [-73.47094475478922, 41.87437539626449], "109": [-73.47780316469321, 41.584568141752996], "110": [-73.48456187395583, 41.294745314960885], "111": [-73.49122254385212, 41.00490695057026], "112": [-73.49778679565667, 40.71505308437647], "113": [-73.50425621179703, 40.42518375329799], "114": [-73.51063233696729, 40.13529899538602], "115": [-73.51691667920277, 39.84539884983355], "116": [-73.52311071091775, 39.55548335698377], "117": [-73.5292158699077, 39.26555255833803], "118": [-73.06567897703249, 42.44800665527324], "119": [-73.07453030188495, 42.15829025003873], "120": [-73.08325239401267, 41.868557671081966], "121": [-73.09184743857169, 41.57880896116356], "122": [-73.10031756760269, 41.28904416389788], "123": [-73.1086648615811, 40.99926332377128], "124": [-73.11689135091264, 40.70946648615974], "125": [-73.12499901737637, 40.4196536973453], "126": [-73.13298979551756, 40.12982500453199], "127": [-73.14086557399219, 39.83998045586105], "128": [-73.14862819686529, 39.55012010042519], "129": [-73.15627946486464, 39.26024398828225], "130": [-72.67456743620312, 42.440736138127185], "131": [-72.68520488528553, 42.15109271820824], "132": [-72.6956870716493, 41.86143246946842], "133": [-72.70601661909342, 41.57175544722948], "134": [-72.71619608767843, 41.2820617073769], "135": [-72.72622797558506, 40.992351306386645], "136": [-72.73611472090745, 40.7026243013511], "137": [-72.74585870338369, 40.41288075000351], "138": [-72.75546224606596, 40.12312071074167], "139": [-72.7649276169331, 39.8333442426505], "140": [-72.77425703044732, 39.54355140552363], "141": [-72.78345264905802, 39.25374225988397], "142": [-72.28361383546518, 42.43213289286407], "143": [-72.29603471967998, 42.14257581538085], "144": [-72.30827437683413, 41.853001134738186], "145": [-72.3203358674433, 41.56340892109389], "146": [-72.33222217772973, 41.273799244827316], "147": [-72.34393622178672, 40.984172176576166], "148": [-72.3554808436669, 40.69452778727225], "149": [-72.36685881939754, 40.40486614817532], "150": [-72.37807285892585, 40.11518733090587], "151": [-72.38912560799692, 39.82549140747653], "152": [-72.40001964996706, 39.53577845032205], "153": [-72.4107575075552, 39.24604853232818], "154": [-71.89284458394371, 42.42219856582432], "155": [-71.90704576669853, 42.13274116048652], "156": [-71.92103983457066, 41.84326525898622], "157": [-71.93483028254941, 41.55377094857537], "158": [-71.94842052085502, 41.264258316333674], "159": [-71.96181387740567, 40.974727449217056], "160": [-71.9750136001978, 40.685178434104586], "161": [-71.9880228596033, 40.395611357843194], "162": [-72.00084475058698, 40.10602630729091], "163": [-72.01348229484736, 39.81642336935831], "164": [-72.025938442884, 39.5268026310484], "165": [-72.0382160759941, 39.23716417949471]}