{"1": [1, 1, 0.0], "2": [1, 2, 3368.9191674320837], "3": [1, 3, 9617.240761331175], "4": [1, 4, 20161.249710747925], "5": [1, 5, 21785.84222537477], "6": [1, 6, 12556.149354520969], "7": [1, 7, 32683.89517589949], "8": [1, 8, 55970.056973074], "9": [1, 9, 92763.17942717214], "10": [1, 10, 143483.31066349897], "11": [1, 11, 107874.66174153738], "12": [1, 12, 151670.08598909457], "13": [1, 13, 88382.1932269826], "14": [1, 14, 136929.54722538273], "15": [1, 15, 125605.58646192549], "16": [1, 16, 163626.3082469002], "17": [1, 17, 80345.04699418387], "18": [1, 18, 165791.90676626013], "19": [1, 19, 208037.82966513568], "20": [1, 20, 160484.29085562142], "21": [1, 21, 171693.07322724455], "22": [1, 22, 29496.23254455477], "23": [2, 2, 0.0], "24": [2, 3, 6252.4978074011], "25": [2, 4, 18459.288781952808], "26": [2, 5, 18491.652378047816], "27": [2, 6, 9534.650727688813], "28": [2, 7, 33827.393575226626], "29": [2, 8, 57456.254448207204], "30": [2, 9, 94511.72302272773], "31": [2, 10, 145315.83241200558], "32": [2, 11, 110758.94703769719], "33": [2, 12, 154836.40196300496], "34": [2, 13, 85279.19101696988], "35": [2, 14, 133917.3883697575], "36": [2, 15, 123905.49481850606], "37": [2, 16, 160272.89544841292], "38": [2, 17, 83296.5273645896], "39": [2, 18, 168991.22495563468], "40": [2, 19, 211196.03523726363], "41": [2, 20, 160710.89740087657], "42": [2, 21, 174124.69839366985], "43": [2, 22, 32818.00202420812], "44": [3, 3, 0.0], "45": [3, 4, 16318.348557054389], "46": [3, 5, 12370.732794880765], "47": [3, 6, 5577.790633903689], "48": [3, 7, 37005.55545027774], "49": [3, 8, 60933.36399132062], "50": [3, 9, 98290.06724537893], "51": [3, 10, 149166.60244688977], "52": [3, 11, 116358.86284542672], "53": [3, 12, 160849.54617475998], "54": [3, 13, 79425.17141451537], "55": [3, 14, 128202.65192115665], "56": [3, 15, 120597.58944825742], "57": [3, 16, 154102.19193003373], "58": [3, 17, 88671.65008852676], "59": [3, 18, 174819.1359926696], "60": [3, 19, 216933.5737788204], "61": [3, 20, 160932.40840201036], "62": [3, 21, 178968.08943199835], "63": [3, 22, 39045.83145974702], "64": [4, 4, 0.0], "65": [4, 5, 15888.476594170012], "66": [4, 6, 21429.929158655403], "67": [4, 7, 52265.93166609434], "68": [4, 8, 75908.89712249361], "69": [4, 9, 112880.17569602685], "70": [4, 10, 163631.76348766085], "71": [4, 11, 126576.2255644371], "72": [4, 12, 168538.23511257218], "73": [4, 13, 72298.27446287227], "74": [4, 14, 119723.23350288205], "75": [4, 15, 105491.6504811209], "76": [4, 16, 154817.3404283408], "77": [4, 17, 84579.97377647794], "78": [4, 18, 172484.07490896713], "79": [4, 19, 213824.3593271542], "80": [4, 20, 145087.4745547947], "81": [4, 21, 191507.70628332175], "82": [4, 22, 45968.16641597998], "83": [5, 5, 0.0], "84": [5, 6, 13316.421039799241], "85": [5, 7, 47075.13899191478], "86": [5, 8, 70940.61610502446], "87": [5, 9, 108434.96968264757], "88": [5, 10, 159269.21018941607], "89": [5, 11, 128513.30610521401], "90": [5, 12, 173217.91729007466], "91": [5, 13, 67160.75998553759], "92": [5, 14, 116042.34546056313], "93": [5, 15, 112171.2253580117], "94": [5, 16, 142879.9475542466], "95": [5, 17, 97933.59511135002], "96": [5, 18, 185053.77586536904], "97": [5, 19, 226870.23649046262], "98": [5, 20, 158973.53515013255], "99": [5, 21, 190322.87852330218], "100": [5, 22, 51280.17963841052], "101": [6, 6, 0.0], "102": [6, 7, 33865.100558442304], "103": [6, 8, 57792.63030414934], "104": [6, 9, 95275.92558045291], "105": [6, 10, 146140.11989388434], "106": [6, 11, 115670.84908331442], "107": [6, 12, 161108.6491868898], "108": [6, 13, 80015.34713867605], "109": [6, 14, 129023.34148554545], "110": [6, 15, 124401.9362497246], "111": [6, 16, 151675.12482332243], "112": [6, 17, 92825.09668457558], "113": [6, 18, 178317.0834759851], "114": [6, 19, 220586.1673511496], "115": [6, 20, 166347.13528745004], "116": [6, 21, 177016.05762722951], "117": [6, 22, 40628.97911912822], "118": [7, 7, 0.0], "119": [7, 8, 23957.982803674982], "120": [7, 9, 61416.73956275468], "121": [7, 10, 112290.0650818137], "122": [7, 11, 86086.22119799217], "123": [7, 12, 134414.94808079864], "124": [7, 13, 112072.85669942926], "125": [7, 14, 161137.0318121904], "126": [7, 15, 157529.69414962252], "127": [7, 16, 173206.3486639945], "128": [7, 17, 92970.15301709324], "129": [7, 18, 169737.0178885904], "130": [7, 19, 212520.2764885578], "131": [7, 20, 191466.7769650204], "132": [7, 21, 143891.79966785226], "133": [7, 22, 32503.40620408234], "134": [8, 8, 0.0], "135": [8, 9, 37494.39060167239], "136": [8, 10, 88347.55473998199], "137": [8, 11, 68800.317262018], "138": [8, 12, 119025.5698020247], "139": [8, 13, 134887.6967622637], "140": [8, 14, 183799.3947874194], "141": [8, 15, 181339.18643642764], "142": [8, 16, 189547.844434856], "143": [8, 17, 101656.78869988502], "144": [8, 18, 169157.8325093798], "145": [8, 19, 211526.25850447436], "146": [8, 20, 211576.66572009423], "147": [8, 21, 121199.47202128015], "148": [8, 22, 46041.23105975652], "149": [9, 9, 0.0], "150": [9, 10, 50881.12753342992], "151": [9, 11, 50777.19236766685], "152": [9, 12, 99367.42190947797], "153": [9, 13, 171724.15109674385], "154": [9, 14, 220408.89728682113], "155": [9, 15, 218365.92264620986], "156": [9, 16, 219492.89144798732], "157": [9, 17, 121673.36949571139], "158": [9, 18, 172410.09316493841], "159": [9, 19, 212790.48054045107], "160": [9, 20, 243203.55984655206], "161": [9, 21, 85897.0111835118], "162": [9, 22, 76943.54473411177], "163": [10, 10, 0.0], "164": [10, 11, 66402.77917365012], "165": [10, 12, 94992.38011465278], "166": [10, 13, 221683.40129639817], "167": [10, 14, 270008.0013618106], "168": [10, 15, 269068.4021711638], "169": [10, 16, 261985.77475615995], "170": [10, 17, 160744.2455960892], "171": [10, 18, 191309.94042282845], "172": [10, 19, 227140.6712658937], "173": [10, 20, 289422.1660623049], "174": [10, 21, 46277.59986461076], "175": [10, 22, 125446.86019871823], "176": [11, 11, 0.0], "177": [11, 12, 50614.36562780245], "178": [11, 13, 195646.5155909377], "179": [11, 14, 244547.68447175046], "180": [11, 15, 226849.62156685407], "181": [11, 16, 258065.03722491808], "182": [11, 17, 98389.8971426446], "183": [11, 18, 127026.88876942567], "184": [11, 19, 165365.60430930165], "185": [11, 20, 231977.4077940171], "186": [11, 21, 70474.19042668374], "187": [11, 22, 81140.15325583323], "188": [12, 12, 0.0], "189": [12, 13, 240007.26797051608], "190": [12, 14, 288191.64980979654], "191": [12, 15, 261642.61474107832], "192": [12, 16, 307452.35844362224], "193": [12, 17, 116869.49486682705], "194": [12, 18, 105829.42380457082], "195": [12, 19, 135837.49658965573], "196": [12, 20, 250861.24694072834], "197": [12, 21, 70013.42367968879], "198": [12, 22, 122735.50964075937], "199": [13, 13, 0.0], "200": [13, 14, 49092.560863940285], "201": [13, 15, 75822.290303724], "202": [13, 16, 95028.888765952], "203": [13, 17, 151763.22845831726], "204": [13, 18, 239665.4454608674], "205": [13, 19, 279240.50279770367], "206": [13, 20, 155631.96007757608], "207": [13, 21, 255907.43147497508], "208": [13, 22, 117364.67688666347], "209": [14, 14, 0.0], "210": [14, 15, 74776.43833455416], "211": [14, 16, 86080.77204386603], "212": [14, 17, 193926.00236566504], "213": [14, 18, 280163.52727541944], "214": [14, 19, 317821.9569259159], "215": [14, 20, 165245.9541146109], "216": [14, 21, 304913.6719710309], "217": [14, 22, 165463.93584882875], "218": [15, 15, 0.0], "219": [15, 16, 157580.92160580656], "220": [15, 17, 150948.5764885384], "221": [15, 18, 228689.33057567687], "222": [15, 19, 261766.17110615186], "223": [15, 20, 90546.8351196117], "224": [15, 21, 294868.3832872842], "225": [15, 22, 146689.60094237974], "226": [16, 16, 0.0], "227": [16, 17, 239283.62746196095], "228": [16, 18, 327301.41014481266], "229": [16, 19, 368491.5475412222], "230": [16, 20, 245900.49422343643], "231": [16, 21, 304373.1947319991], "232": [16, 22, 192203.14783749625], "233": [17, 17, 0.0], "234": [17, 18, 88244.42323076757],