{"0": [-73.9667774, 40.7810452], "1": [-73.9828886, 40.7533136], "2": [-74.0168892, 40.7033343], "3": [-74.2018534, 40.7467838], "4": [-74.1143852, 40.6202232], "5": [-73.9697427, 40.6681474], "6": [-73.5814248, 40.7462738], "7": [-73.3020486, 40.7869093], "8": [-72.8708789, 40.8721326], "9": [-72.2772525, 40.9624845], "10": [-72.9042821, 41.3280886], "11": [-72.6979465, 41.7562758], "12": [-74.7187376, 40.228886], "13": [-75.1987194, 39.9836308], "14": [-75.4434517, 40.629696], "15": [-74.5649087, 39.3824801], "16": [-74.0616628, 41.5000636], "17": [-73.7801325, 42.2654862], "18": [-73.8238108, 42.6489291], "19": [-75.6816594, 41.4239279], "20": [-72.060485, 41.3453305], "21": [-73.7708233, 41.0010972]}