{"1": [1, 62, 8271.51520330489], "2": [2, 62, 10201.167667801246], "3": [3, 86, 16610.987222665524], "4": [4, 122, 8672.37570755565], "5": [5, 122, 20539.932288295986], "6": [6, 36, 8870.860960346665], "7": [7, 99, 8991.753399097139], "8": [8, 41, 555.0523700510149], "9": [9, 31, 8803.233419570268], "10": [10, 55, 5862.434196458361], "11": [11, 57, 7486.479625044171], "12": [12, 53, 17893.862886572988], "13": [13, 26, 16260.336862815917], "14": [14, 105, 17451.68737248268], "15": [15, 46, 10828.394658281039], "16": [16, 24, 8219.736353155196], "17": [17, 119, 3404.0906532959934], "18": [18, 115, 4866.428639858812], "19": [19, 25, 11065.352846735035], "20": [20, 64, 16816.955871550217], "21": [21, 51, 1805.2653339551784], "22": [22, 62, 25530.633983672527], "23": [23, 68, 50547.89809046805], "24": [23, 95, 45711.935609898035], "25": [24, 38, 42059.297335071795], "26": [24, 84, 44469.60371382085], "27": [24, 87, 34746.57355383361], "28": [25, 101, 15947.120297047426], "29": [25, 115, 55337.32059584066], "30": [26, 46, 70080.60881633977], "31": [26, 52, 37879.2692646294], "32": [26, 73, 20921.931595420432], "33": [26, 79, 35481.60556666635], "34": [26, 82, 39256.734349761915], "35": [27, 32, 16139.22231269182], "36": [27, 37, 23991.324012747456], "37": [27, 53, 59576.81071222056], "38": [27, 107, 92705.21563185644], "39": [28, 31, 37496.41713456167], "40": [28, 34, 40449.20124980934], "41": [28, 41, 43694.88371944571], "42": [28, 57, 22987.193786926247], "43": [28, 107, 24671.094111660368], "44": [29, 65, 43449.287740461594], "45": [29, 104, 38724.88601215157], "46": [29, 113, 28797.538414038234], "47": [29, 118, 18978.33737753018], "48": [30, 46, 53899.03729928297], "49": [30, 81, 38245.00771509887], "50": [30, 82, 24882.714491889314], "51": [30, 85, 22303.947495250435], "52": [30, 94, 33628.48400350175], "53": [31, 48, 17361.871115459788], "54": [31, 57, 37694.17183008463], "55": [31, 66, 43647.480951259975], "56": [31, 106, 39772.9161986069], "57": [32, 43, 69083.74157910845], "58": [32, 49, 54584.6449008219], "59": [32, 76, 62410.026256290075], "60": [33, 93, 21060.225210124216], "61": [34, 59, 47317.675576374386], "62": [34, 62, 60224.6419980895], "63": [34, 99, 56604.762618738576], "64": [35, 79, 30936.81308090167], "65": [35, 94, 52902.00843834779], "66": [35, 111, 33208.902761599005], "67": [35, 112, 36906.03101858791], "68": [35, 122, 54845.16586158452], "69": [36, 60, 10630.892865777123], "70": [36, 62, 19165.814279655984], "71": [36, 112, 5024.582410940162], "72": [36, 122, 29295.01487673794], "73": [37, 43, 77654.7083520293], "74": [37, 100, 39319.05815307797], "75": [38, 52, 25577.458822880388], "76": [38, 70, 25322.372867006532], "77": [39, 54, 32288.246324791253], "78": [39, 80, 39560.626741791966], "79": [39, 110, 46455.61470827534], "80": [39, 114, 45256.81888270336], "81": [40, 44, 11802.839438163195], "82": [40, 84, 57697.058154633916], "83": [41, 91, 14901.139660329774], "84": [41, 99, 15145.332257595484], "85": [41, 106, 11830.692436828997], "86": [42, 69, 27227.41456913916], "87": [42, 71, 26447.180021709857], "88": [42, 103, 10783.211315331218], "89": [43, 49, 33576.226753261544], "90": [44, 71, 48542.2749603792], "91": [44, 74, 62086.70676381119], "92": [44, 103, 39781.54826461549], "93": [44, 117, 38781.36163759951], "94": [45, 46, 25227.805812034898], "95": [45, 58, 57476.871496869666], "96": [45, 63, 72639.27102946813], "97": [45, 75, 41251.142833861035], "98": [46, 64, 63838.48094427073], "99": [46, 75, 56799.681978826855], "100": [47, 68, 30420.629577599222], "101": [47, 97, 10078.554061080496], "102": [47, 121, 48073.23715957438], "103": [48, 98, 9763.158879525985], "104": [49, 96, 24667.245490710447], "105": [50, 80, 59970.81054777236], "106": [50, 93, 76264.61811187056], "107": [51, 55, 50837.04257786327], "108": [51, 66, 53494.44960164134], "109": [51, 72, 25510.07704659884], "110": [51, 83, 43718.347120182865], "111": [52, 70, 20947.347483031852], "112": [52, 79, 23123.83327219368], "113": [52, 87, 61282.64204740181], "114": [53, 66, 38337.39226878422], "115": [53, 72, 46536.137449519556], "116": [53, 76, 67977.42749039945], "117": [53, 107, 55149.11320080282], "118": [54, 64, 93179.06214141173], "119": [54, 80, 45290.92449946223], "120": [54, 93, 47669.613003911785], "121": [54, 110, 50071.32430272017], "122": [55, 83, 67978.09663409353], "123": [55, 98, 20226.35960059303], "124": [56, 81, 38304.40679172332], "125": [56, 85, 51541.83919303288], "126": [56, 110, 45569.49651722264], "127": [56, 120, 31471.41373976685], "128": [57, 66, 17112.49945291108], "129": [57, 107, 23207.680425155686], "130": [58, 63, 96106.0924753601], "131": [58, 64, 49313.190237873976], "132": [59, 78, 21750.458665714592], "133": [59, 119, 24013.591422885947], "134": [60, 62, 18665.93666680434], "135": [60, 99, 29128.21556850882], "136": [61, 95, 36396.55375436997], "137": [61, 102, 36169.98714114899], "138": [61, 116, 16413.614318259853], "139": [62, 86, 17826.669057847856], "140": [63, 69, 57410.70216107474], "141": [63, 88, 66841.63990138895], "142": [64, 85, 75297.04674506641], "143": [64, 93, 94011.53057917107], "144": [64, 110, 88182.99625072994], "145": [65, 108, 13585.972801222697], "146": [65, 116, 103421.69572159775], "147": [66, 98, 46891.570214109146], "148": [67, 92, 43261.86157499517], "149": [67, 108, 28645.358403253227], "150": [67, 109, 12992.657598988702], "151": [68, 83, 84422.539863964], "152": [69, 75, 35106.6932400496], "153": [69, 88, 56511.36265419195], "154": [69, 105, 40157.45394339672], "155": [70, 79, 21998.29615696432], "156": [70, 111, 1741.2623088118967], "157": [71, 73, 55563.90849756847], "158": [71, 87, 30790.441458892245], "159": [71, 105, 54496.88449416531], "160": [71, 117, 28184.01571769672], "161": [72, 76, 46204.362211945416], "162": [72, 77, 50890.25708913647], "163": [73, 87, 60642.45592176888], "164": [73, 105, 23944.738402159852], "165": [74, 88, 9481.161351858605], "166": [75, 105, 25706.436431605398], "167": [76, 77, 42874.96008959272], "168": [76, 92, 69308.16303718797], "169": [76, 96, 66597.5131457595], "170": [77, 83, 63125.9342328921], "171": [77, 89, 11473.534924931493], "172": [78, 100, 48733.705447025546], "173": [78, 107, 59191.64951084389], "174": [78, 115, 54694.71027777877], "175": [79, 82, 47203.551753123174], "176": [79, 94, 60122.68037688779], "177": [80, 93, 67025.84529757894], "178": [80, 114, 24538.435033386435], "179": [81, 85, 28864.088757226622], "180": [81, 86, 46799.886066522035], "181": [81, 94, 37456.94810524344], "182": [81, 120, 53254.086291754014], "183": [82, 94, 31626.825635240668], "184": [84, 117, 46019.48702775042], "185": [85, 110, 85717.19745724763], "186": [86, 120, 72186.88840896668], "187": [86, 122, 7692.967410693174], "188": [87, 117, 19598.692378221243], "189": [88, 103, 42515.346520068175], "190": [89, 113, 39097.39505400692], "191": [89, 121, 28840.73263594954], "192": [90, 92, 42007.18609088828], "193": [90, 96, 32837.014967514035], "194": [90, 109, 7506.395627974246], "195": [91, 99, 14212.531297431293], "196": [91, 106, 17531.744629531062], "197": [92, 96, 31203.725855030814], "198": [92, 108, 24096.23153024371], "199": [92, 118, 17459.27272631292], "200": [94, 122, 26017.856125384395], "201": [95, 102, 18060.667590075158], "202": [97, 102, 19874.594932695407], "203": [97, 104, 45056.10407895078], "204": [97, 116, 41542.510550147475], "205": [100, 107, 92245.5060568936], "206": [100, 115, 27432.918283218914], "207": [101, 114, 91097.12061528947], "208": [102, 116, 39245.80654453589], "209": [104, 113, 37416.79235118527], "210": [104, 116, 37471.455609002325], "211": [104, 121, 37465.55945495106], "212": [108, 118, 21005.24947551819], "213": [110, 115, 108419.37227403284], "214": [113, 118, 37585.36516564347], "215": [113, 121, 28702.65829476083], "216": [115, 120, 94996.23270324446], "217": [119, 120, 15939.854380296832], "Nodes": 122, "Edges": 217, "Number_of_Vertiports": 22}