{"0": [-73.9667774, 40.7810452], "1": [-73.9828886, 40.7533136], "2": [-74.0168892, 40.7033343], "3": [-74.2018534, 40.7467838], "4": [-74.1143852, 40.6202232], "5": [-73.9697427, 40.6681474], "6": [-73.5814248, 40.7462738], "7": [-73.3020486, 40.7869093], "8": [-72.8708789, 40.8721326], "9": [-72.2772525, 40.9624845], "10": [-72.9042821, 41.3280886], "11": [-72.6979465, 41.7562758], "12": [-74.7187376, 40.228886], "13": [-75.1987194, 39.9836308], "14": [-75.4434517, 40.629696], "15": [-74.5649087, 39.3824801], "16": [-74.0616628, 41.5000636], "17": [-73.7801325, 42.2654862], "18": [-73.8238108, 42.6489291], "19": [-75.6816594, 41.4239279], "20": [-72.060485, 41.3453305], "21": [-73.7708233, 41.0010972], "22": [-70.026711, 41.281886], "23": [-74.576314, 39.455875], "24": [-73.803186, 42.747281], "25": [-74.907611, 40.253342], "26": [-72.7162, 42.161958], "27": [-73.124497, 41.160694], "28": [-70.989547, 42.35745], "29": [-74.821833, 40.798433], "30": [-72.798858, 40.929617], "31": [-72.526314, 42.197544], "32": [-76.136472, 42.157486], "33": [-73.581325, 41.280089], "34": [-74.159728, 40.311633], "35": [-73.894444, 40.612472], "36": [-72.949394, 42.291319], "37": [-74.431625, 39.817339], "38": [-74.956942, 42.178281], "39": [-75.467408, 39.1324], "40": [-73.303658, 40.79175], "41": [-75.607081, 39.678139], "42": [-72.291778, 42.794278], "43": [-75.515969, 39.231647], "44": [-75.684033, 40.581036], "45": [-75.454756, 40.7267], "46": [-70.513947, 41.659606], "47": [-72.631844, 40.837772], "48": [-72.058189, 42.545922], "49": [-75.826747, 42.788956], "50": [-72.051983, 41.330403], "51": [-74.596511, 40.009475], "52": [-72.547417, 41.641106], "53": [-75.316283, 42.063056], "54": [-72.316706, 40.918994], "55": [-74.591594, 41.409686], "56": [-72.885183, 41.262308], "57": [-76.125817, 40.975083], "58": [-73.822225, 41.66545], "59": [-73.771389, 40.632889], "60": [-70.037233, 42.017189], "61": [-73.8686, 40.783717], "62": [-76.291294, 40.119975], "63": [-75.689467, 41.272803], "64": [-71.094875, 42.740417], "65": [-72.692192, 41.313836], "66": [-71.369533, 42.868531], "67": [-70.612714, 41.396208], "68": [-75.670808, 39.918056], "69": [-74.353144, 40.036972], "70": [-75.303022, 39.636031], "71": [-71.999353, 41.556403], "72": [-75.00955, 40.082069], "73": [-76.170942, 39.466672], "74": [-75.56025, 40.222231], "75": [-71.844094, 41.955461], "76": [-71.429719, 41.724439], "77": [-73.60055, 41.769772], "78": [-74.495025, 40.202403], "79": [-75.239308, 42.466364], "80": [-74.538314, 41.067544], "81": [-74.741794, 40.583044], "82": [-71.576086, 41.167436], "83": [-74.800344, 39.095508], "84": [-74.869031, 40.995819], "85": [-74.062242, 40.848719], "86": [-74.967144, 39.537672], "87": [-76.106375, 39.535869], "88": [-71.353189, 41.810397], "89": [-71.602211, 42.823386], "90": [-73.384389, 40.672519], "91": [-71.388886, 42.479728], "92": [-75.891186, 42.104742], "93": [-74.429817, 40.740819], "94": [-69.987769, 41.691947], "95": [-71.757144, 42.550919], "96": [-70.441392, 41.732272], "97": [-72.556658, 40.904681], "98": [-73.482417, 40.776528], "99": [-73.404031, 42.182978], "100": [-73.933489, 42.854181], "101": [-70.202883, 41.716203], "102": [-75.613958, 39.581308], "103": [-70.675797, 42.098006], "104": [-75.285181, 40.125942], "105": [-73.190222, 40.729], "106": [-73.112494, 41.382383], "107": [-71.197208, 42.644131], "108": [-71.528842, 42.864169], "109": [-74.860711, 41.766667], "110": [-74.335481, 40.044869], "111": [-73.882969, 40.568133], "112": [-71.128428, 42.119753], "113": [-74.986558, 42.584697], "114": [-73.723414, 42.253108], "115": [-70.223444, 42.068817], "116": [-75.135022, 39.418194], "117": [-71.178531, 42.455728], "118": [-74.044975, 41.528011], "119": [-74.227917, 41.485819], "120": [-71.016167, 41.875478], "121": [-74.132486, 40.804433]}